{"ratio":[["PARTICIPER,JOUEUR,-1.0",1],["PARTICIPER,JOUEUR,1.0",1],["\u00caTREAMISAVEC,JOUEUR,-1.0",1]],"shift":[["PARTICIPER,PARTIE",0],["PARTICIPER,JOUEUR,-1.0",0],["PARTICIPER,JOUEUR,1.0",0],["\u00caTREAMISAVEC,JOUEUR,-1.0",0],["\u00caTREAMISAVEC,JOUEUR,1.0",0],["EMETTRE,JOUEUR",0],["EMETTRE,MESSAGES",0],["RECEVOIR,JOUEUR",0],["RECEVOIR,MESSAGES",0],["EMETTREInv,JOUEUR",0],["EMETTREInv,INVITATION",0],["RECEVOIRInv,JOUEUR",0],["RECEVOIRInv,INVITATION",0]],"colors":[["annotation_color","#b35806"],["annotation_text_color","#f7f7f7"],["association_attribute_text_color","#000000"],["association_cartouche_color","#fdb863"],["association_cartouche_text_color","#000000"],["association_color","#fee0b6"],["association_stroke_color","#e08214"],["background_color","#f7f7f7"],["card_text_color","#542788"],["entity_attribute_text_color","#000000"],["entity_cartouche_color","#b2abd2"],["entity_cartouche_text_color","#000000"],["entity_color","#d8daeb"],["entity_stroke_color","#8073ac"],["leg_stroke_color","#e08214"],["transparent_color","none"]],"cy":[["PARTICIPER",102],["PARTIE",102],["\u00caTREAMISAVEC",288],["JOUEUR",288],["EMETTRE",400],["RECEVOIR",400],["MESSAGES",550],["INVITATION",288],["EMETTREInv",200],["RECEVOIRInv",400]],"cx":[["PARTICIPER",186],["PARTIE",513],["\u00caTREAMISAVEC",64],["JOUEUR",186],["EMETTRE",100],["RECEVOIR",300],["MESSAGES",186],["INVITATION",500],["EMETTREInv",350],["RECEVOIRInv",400]],"size":[1500,1500]}